textCardId,category,headline,subheadline,content,publishedDate,updatedDate,status,expiresAt,tags,featured,priority,author,image,imageAlt,postUrl
TEST-001,NEWS,Text Cards is live,This is a placeholder test card,"Replace this row in backend/textcards.csv with real content whenever you're ready, then re-run the generator script.",2026-08-18,,ACTIVE,,test,TRUE,0,,,,
TEST-002,UPDATE,Pagination test card 2,Second placeholder card,Test-only content added to exercise Text Cards pagination. Safe to delete once real content is ready.,2026-08-11,,ACTIVE,,test,FALSE,1,,,,
TEST-003,UPDATE,Pagination test card 3,Third placeholder card,Test-only content added to exercise Text Cards pagination. Safe to delete once real content is ready.,2026-08-12,,ACTIVE,,test,FALSE,1,,,,
TEST-004,UPDATE,Pagination test card 4,Fourth placeholder card,Test-only content added to exercise Text Cards pagination. Safe to delete once real content is ready.,2026-08-13,,ACTIVE,,test,FALSE,1,,,,
TEST-005,UPDATE,Pagination test card 5,Fifth placeholder card,Test-only content added to exercise Text Cards pagination. Safe to delete once real content is ready.,2026-08-14,,ACTIVE,,test,TRUE,2,,,,
TEST-006,ANNOUNCEMENT,Pagination test card 6,Sixth placeholder card,Test-only content added to exercise Text Cards pagination. Safe to delete once real content is ready.,2026-08-15,,ACTIVE,,test,FALSE,0,,,,
TEST-007,ANNOUNCEMENT,Pagination test card 7,Seventh placeholder card,Test-only content added to exercise Text Cards pagination. Safe to delete once real content is ready.,2026-08-16,,ACTIVE,,test,FALSE,0,,,,
TEST-008,ANALYSIS,Pagination test card 8,Eighth placeholder card,Test-only content added to exercise Text Cards pagination. Safe to delete once real content is ready.,2026-08-17,,ACTIVE,,test,FALSE,0,,,,
TEST-009,NEWS,Pagination test card 9,Ninth placeholder card,Test-only content added to exercise Text Cards pagination. Safe to delete once real content is ready.,2026-08-18,,ACTIVE,,test,FALSE,0,,,,
